v_perp,v_para,output,dt,steps,compress,mass,nc,x1,x2,x3
-10000,0,dat1.dat,2e-09,30000000,2000,1840,/home/rjrj524/Finished/vmec_gc_tracer/revised_251128/nc/wout_pwO_nfp2_A6.nc,0.082,3.71862,9.745349
-10000,500,dat2.dat,2e-09,30000000,2000,1840,/home/rjrj524/Finished/vmec_gc_tracer/revised_251128/nc/wout_pwO_nfp2_A6.nc,0.082,3.71862,9.745349
-10000,1000,dat3.dat,2e-09,30000000,2000,1840,/home/rjrj524/Finished/vmec_gc_tracer/revised_251128/nc/wout_pwO_nfp2_A6.nc,0.082,3.71862,9.745349
-10000,1500,dat4.dat,2e-09,30000000,2000,1840,/home/rjrj524/Finished/vmec_gc_tracer/revised_251128/nc/wout_pwO_nfp2_A6.nc,0.082,3.71862,9.745349
-10000,2000,dat5.dat,2e-09,30000000,2000,1840,/home/rjrj524/Finished/vmec_gc_tracer/revised_251128/nc/wout_pwO_nfp2_A6.nc,0.082,3.71862,9.745349
-10000,2500,dat6.dat,2e-09,30000000,2000,1840,/home/rjrj524/Finished/vmec_gc_tracer/revised_251128/nc/wout_pwO_nfp2_A6.nc,0.082,3.71862,9.745349
-10000,3000,dat7.dat,2e-09,30000000,2000,1840,/home/rjrj524/Finished/vmec_gc_tracer/revised_251128/nc/wout_pwO_nfp2_A6.nc,0.082,3.71862,9.745349
-10000,3500,dat8.dat,2e-09,30000000,2000,1840,/home/rjrj524/Finished/vmec_gc_tracer/revised_251128/nc/wout_pwO_nfp2_A6.nc,0.082,3.71862,9.745349
-10000,4000,dat9.dat,2e-09,30000000,2000,1840,/home/rjrj524/Finished/vmec_gc_tracer/revised_251128/nc/wout_pwO_nfp2_A6.nc,0.082,3.71862,9.745349
-10000,4500,dat10.dat,2e-09,30000000,2000,1840,/home/rjrj524/Finished/vmec_gc_tracer/revised_251128/nc/wout_pwO_nfp2_A6.nc,0.082,3.71862,9.745349
-10000,5000,dat11.dat,2e-09,30000000,2000,1840,/home/rjrj524/Finished/vmec_gc_tracer/revised_251128/nc/wout_pwO_nfp2_A6.nc,0.082,3.71862,9.745349
-10000,5500,dat12.dat,2e-09,30000000,2000,1840,/home/rjrj524/Finished/vmec_gc_tracer/revised_251128/nc/wout_pwO_nfp2_A6.nc,0.082,3.71862,9.745349
-10000,6000,dat13.dat,2e-09,30000000,2000,1840,/home/rjrj524/Finished/vmec_gc_tracer/revised_251128/nc/wout_pwO_nfp2_A6.nc,0.082,3.71862,9.745349
-10000,6500,dat14.dat,2e-09,30000000,2000,1840,/home/rjrj524/Finished/vmec_gc_tracer/revised_251128/nc/wout_pwO_nfp2_A6.nc,0.082,3.71862,9.745349
-10000,7000,dat15.dat,2e-09,30000000,2000,1840,/home/rjrj524/Finished/vmec_gc_tracer/revised_251128/nc/wout_pwO_nfp2_A6.nc,0.082,3.71862,9.745349
-10000,7500,dat16.dat,2e-09,30000000,2000,1840,/home/rjrj524/Finished/vmec_gc_tracer/revised_251128/nc/wout_pwO_nfp2_A6.nc,0.082,3.71862,9.745349
-10000,8000,dat17.dat,2e-09,30000000,2000,1840,/home/rjrj524/Finished/vmec_gc_tracer/revised_251128/nc/wout_pwO_nfp2_A6.nc,0.082,3.71862,9.745349
-10000,8500,dat18.dat,2e-09,30000000,2000,1840,/home/rjrj524/Finished/vmec_gc_tracer/revised_251128/nc/wout_pwO_nfp2_A6.nc,0.082,3.71862,9.745349
-10000,9000,dat19.dat,2e-09,30000000,2000,1840,/home/rjrj524/Finished/vmec_gc_tracer/revised_251128/nc/wout_pwO_nfp2_A6.nc,0.082,3.71862,9.745349
-10000,9500,dat20.dat,2e-09,30000000,2000,1840,/home/rjrj524/Finished/vmec_gc_tracer/revised_251128/nc/wout_pwO_nfp2_A6.nc,0.082,3.71862,9.745349
-10000,10000,dat21.dat,2e-09,30000000,2000,1840,/home/rjrj524/Finished/vmec_gc_tracer/revised_251128/nc/wout_pwO_nfp2_A6.nc,0.082,3.71862,9.745349
-9000,0,dat22.dat,2e-09,30000000,2000,1840,/home/rjrj524/Finished/vmec_gc_tracer/revised_251128/nc/wout_pwO_nfp2_A6.nc,0.082,3.71862,9.745349
-9000,500,dat23.dat,2e-09,30000000,2000,1840,/home/rjrj524/Finished/vmec_gc_tracer/revised_251128/nc/wout_pwO_nfp2_A6.nc,0.082,3.71862,9.745349
-9000,1000,dat24.dat,2e-09,30000000,2000,1840,/home/rjrj524/Finished/vmec_gc_tracer/revised_251128/nc/wout_pwO_nfp2_A6.nc,0.082,3.71862,9.745349
-9000,1500,dat25.dat,2e-09,30000000,2000,1840,/home/rjrj524/Finished/vmec_gc_tracer/revised_251128/nc/wout_pwO_nfp2_A6.nc,0.082,3.71862,9.745349
-9000,2000,dat26.dat,2e-09,30000000,2000,1840,/home/rjrj524/Finished/vmec_gc_tracer/revised_251128/nc/wout_pwO_nfp2_A6.nc,0.082,3.71862,9.745349
-9000,2500,dat27.dat,2e-09,30000000,2000,1840,/home/rjrj524/Finished/vmec_gc_tracer/revised_251128/nc/wout_pwO_nfp2_A6.nc,0.082,3.71862,9.745349
-9000,3000,dat28.dat,2e-09,30000000,2000,1840,/home/rjrj524/Finished/vmec_gc_tracer/revised_251128/nc/wout_pwO_nfp2_A6.nc,0.082,3.71862,9.745349
-9000,3500,dat29.dat,2e-09,30000000,2000,1840,/home/rjrj524/Finished/vmec_gc_tracer/revised_251128/nc/wout_pwO_nfp2_A6.nc,0.082,3.71862,9.745349
-9000,4000,dat30.dat,2e-09,30000000,2000,1840,/home/rjrj524/Finished/vmec_gc_tracer/revised_251128/nc/wout_pwO_nfp2_A6.nc,0.082,3.71862,9.745349
-9000,4500,dat31.dat,2e-09,30000000,2000,1840,/home/rjrj524/Finished/vmec_gc_tracer/revised_251128/nc/wout_pwO_nfp2_A6.nc,0.082,3.71862,9.745349
-9000,5000,dat32.dat,2e-09,30000000,2000,1840,/home/rjrj524/Finished/vmec_gc_tracer/revised_251128/nc/wout_pwO_nfp2_A6.nc,0.082,3.71862,9.745349
-9000,5500,dat33.dat,2e-09,30000000,2000,1840,/home/rjrj524/Finished/vmec_gc_tracer/revised_251128/nc/wout_pwO_nfp2_A6.nc,0.082,3.71862,9.745349
-9000,6000,dat34.dat,2e-09,30000000,2000,1840,/home/rjrj524/Finished/vmec_gc_tracer/revised_251128/nc/wout_pwO_nfp2_A6.nc,0.082,3.71862,9.745349
-9000,6500,dat35.dat,2e-09,30000000,2000,1840,/home/rjrj524/Finished/vmec_gc_tracer/revised_251128/nc/wout_pwO_nfp2_A6.nc,0.082,3.71862,9.745349
-9000,7000,dat36.dat,2e-09,30000000,2000,1840,/home/rjrj524/Finished/vmec_gc_tracer/revised_251128/nc/wout_pwO_nfp2_A6.nc,0.082,3.71862,9.745349
-9000,7500,dat37.dat,2e-09,30000000,2000,1840,/home/rjrj524/Finished/vmec_gc_tracer/revised_251128/nc/wout_pwO_nfp2_A6.nc,0.082,3.71862,9.745349
-9000,8000,dat38.dat,2e-09,30000000,2000,1840,/home/rjrj524/Finished/vmec_gc_tracer/revised_251128/nc/wout_pwO_nfp2_A6.nc,0.082,3.71862,9.745349
-9000,8500,dat39.dat,2e-09,30000000,2000,1840,/home/rjrj524/Finished/vmec_gc_tracer/revised_251128/nc/wout_pwO_nfp2_A6.nc,0.082,3.71862,9.745349
-9000,9000,dat40.dat,2e-09,30000000,2000,1840,/home/rjrj524/Finished/vmec_gc_tracer/revised_251128/nc/wout_pwO_nfp2_A6.nc,0.082,3.71862,9.745349
-9000,9500,dat41.dat,2e-09,30000000,2000,1840,/home/rjrj524/Finished/vmec_gc_tracer/revised_251128/nc/wout_pwO_nfp2_A6.nc,0.082,3.71862,9.745349
-9000,10000,dat42.dat,2e-09,30000000,2000,1840,/home/rjrj524/Finished/vmec_gc_tracer/revised_251128/nc/wout_pwO_nfp2_A6.nc,0.082,3.71862,9.745349
-8000,0,dat43.dat,2e-09,30000000,2000,1840,/home/rjrj524/Finished/vmec_gc_tracer/revised_251128/nc/wout_pwO_nfp2_A6.nc,0.082,3.71862,9.745349
-8000,500,dat44.dat,2e-09,30000000,2000,1840,/home/rjrj524/Finished/vmec_gc_tracer/revised_251128/nc/wout_pwO_nfp2_A6.nc,0.082,3.71862,9.745349
-8000,1000,dat45.dat,2e-09,30000000,2000,1840,/home/rjrj524/Finished/vmec_gc_tracer/revised_251128/nc/wout_pwO_nfp2_A6.nc,0.082,3.71862,9.745349
-8000,1500,dat46.dat,2e-09,30000000,2000,1840,/home/rjrj524/Finished/vmec_gc_tracer/revised_251128/nc/wout_pwO_nfp2_A6.nc,0.082,3.71862,9.745349
-8000,2000,dat47.dat,2e-09,30000000,2000,1840,/home/rjrj524/Finished/vmec_gc_tracer/revised_251128/nc/wout_pwO_nfp2_A6.nc,0.082,3.71862,9.745349
-8000,2500,dat48.dat,2e-09,30000000,2000,1840,/home/rjrj524/Finished/vmec_gc_tracer/revised_251128/nc/wout_pwO_nfp2_A6.nc,0.082,3.71862,9.745349
-8000,3000,dat49.dat,2e-09,30000000,2000,1840,/home/rjrj524/Finished/vmec_gc_tracer/revised_251128/nc/wout_pwO_nfp2_A6.nc,0.082,3.71862,9.745349
-8000,3500,dat50.dat,2e-09,30000000,2000,1840,/home/rjrj524/Finished/vmec_gc_tracer/revised_251128/nc/wout_pwO_nfp2_A6.nc,0.082,3.71862,9.745349
-8000,4000,dat51.dat,2e-09,30000000,2000,1840,/home/rjrj524/Finished/vmec_gc_tracer/revised_251128/nc/wout_pwO_nfp2_A6.nc,0.082,3.71862,9.745349
-8000,4500,dat52.dat,2e-09,30000000,2000,1840,/home/rjrj524/Finished/vmec_gc_tracer/revised_251128/nc/wout_pwO_nfp2_A6.nc,0.082,3.71862,9.745349
-8000,5000,dat53.dat,2e-09,30000000,2000,1840,/home/rjrj524/Finished/vmec_gc_tracer/revised_251128/nc/wout_pwO_nfp2_A6.nc,0.082,3.71862,9.745349
-8000,5500,dat54.dat,2e-09,30000000,2000,1840,/home/rjrj524/Finished/vmec_gc_tracer/revised_251128/nc/wout_pwO_nfp2_A6.nc,0.082,3.71862,9.745349
-8000,6000,dat55.dat,2e-09,30000000,2000,1840,/home/rjrj524/Finished/vmec_gc_tracer/revised_251128/nc/wout_pwO_nfp2_A6.nc,0.082,3.71862,9.745349
-8000,6500,dat56.dat,2e-09,30000000,2000,1840,/home/rjrj524/Finished/vmec_gc_tracer/revised_251128/nc/wout_pwO_nfp2_A6.nc,0.082,3.71862,9.745349
-8000,7000,dat57.dat,2e-09,30000000,2000,1840,/home/rjrj524/Finished/vmec_gc_tracer/revised_251128/nc/wout_pwO_nfp2_A6.nc,0.082,3.71862,9.745349
-8000,7500,dat58.dat,2e-09,30000000,2000,1840,/home/rjrj524/Finished/vmec_gc_tracer/revised_251128/nc/wout_pwO_nfp2_A6.nc,0.082,3.71862,9.745349
-8000,8000,dat59.dat,2e-09,30000000,2000,1840,/home/rjrj524/Finished/vmec_gc_tracer/revised_251128/nc/wout_pwO_nfp2_A6.nc,0.082,3.71862,9.745349
-8000,8500,dat60.dat,2e-09,30000000,2000,1840,/home/rjrj524/Finished/vmec_gc_tracer/revised_251128/nc/wout_pwO_nfp2_A6.nc,0.082,3.71862,9.745349
-8000,9000,dat61.dat,2e-09,30000000,2000,1840,/home/rjrj524/Finished/vmec_gc_tracer/revised_251128/nc/wout_pwO_nfp2_A6.nc,0.082,3.71862,9.745349
-8000,9500,dat62.dat,2e-09,30000000,2000,1840,/home/rjrj524/Finished/vmec_gc_tracer/revised_251128/nc/wout_pwO_nfp2_A6.nc,0.082,3.71862,9.745349
-8000,10000,dat63.dat,2e-09,30000000,2000,1840,/home/rjrj524/Finished/vmec_gc_tracer/revised_251128/nc/wout_pwO_nfp2_A6.nc,0.082,3.71862,9.745349
-7000,0,dat64.dat,2e-09,30000000,2000,1840,/home/rjrj524/Finished/vmec_gc_tracer/revised_251128/nc/wout_pwO_nfp2_A6.nc,0.082,3.71862,9.745349
-7000,500,dat65.dat,2e-09,30000000,2000,1840,/home/rjrj524/Finished/vmec_gc_tracer/revised_251128/nc/wout_pwO_nfp2_A6.nc,0.082,3.71862,9.745349
-7000,1000,dat66.dat,2e-09,30000000,2000,1840,/home/rjrj524/Finished/vmec_gc_tracer/revised_251128/nc/wout_pwO_nfp2_A6.nc,0.082,3.71862,9.745349
-7000,1500,dat67.dat,2e-09,30000000,2000,1840,/home/rjrj524/Finished/vmec_gc_tracer/revised_251128/nc/wout_pwO_nfp2_A6.nc,0.082,3.71862,9.745349
-7000,2000,dat68.dat,2e-09,30000000,2000,1840,/home/rjrj524/Finished/vmec_gc_tracer/revised_251128/nc/wout_pwO_nfp2_A6.nc,0.082,3.71862,9.745349
-7000,2500,dat69.dat,2e-09,30000000,2000,1840,/home/rjrj524/Finished/vmec_gc_tracer/revised_251128/nc/wout_pwO_nfp2_A6.nc,0.082,3.71862,9.745349
-7000,3000,dat70.dat,2e-09,30000000,2000,1840,/home/rjrj524/Finished/vmec_gc_tracer/revised_251128/nc/wout_pwO_nfp2_A6.nc,0.082,3.71862,9.745349
-7000,3500,dat71.dat,2e-09,30000000,2000,1840,/home/rjrj524/Finished/vmec_gc_tracer/revised_251128/nc/wout_pwO_nfp2_A6.nc,0.082,3.71862,9.745349
-7000,4000,dat72.dat,2e-09,30000000,2000,1840,/home/rjrj524/Finished/vmec_gc_tracer/revised_251128/nc/wout_pwO_nfp2_A6.nc,0.082,3.71862,9.745349
-7000,4500,dat73.dat,2e-09,30000000,2000,1840,/home/rjrj524/Finished/vmec_gc_tracer/revised_251128/nc/wout_pwO_nfp2_A6.nc,0.082,3.71862,9.745349
-7000,5000,dat74.dat,2e-09,30000000,2000,1840,/home/rjrj524/Finished/vmec_gc_tracer/revised_251128/nc/wout_pwO_nfp2_A6.nc,0.082,3.71862,9.745349
-7000,5500,dat75.dat,2e-09,30000000,2000,1840,/home/rjrj524/Finished/vmec_gc_tracer/revised_251128/nc/wout_pwO_nfp2_A6.nc,0.082,3.71862,9.745349
-7000,6000,dat76.dat,2e-09,30000000,2000,1840,/home/rjrj524/Finished/vmec_gc_tracer/revised_251128/nc/wout_pwO_nfp2_A6.nc,0.082,3.71862,9.745349
-7000,6500,dat77.dat,2e-09,30000000,2000,1840,/home/rjrj524/Finished/vmec_gc_tracer/revised_251128/nc/wout_pwO_nfp2_A6.nc,0.082,3.71862,9.745349
-7000,7000,dat78.dat,2e-09,30000000,2000,1840,/home/rjrj524/Finished/vmec_gc_tracer/revised_251128/nc/wout_pwO_nfp2_A6.nc,0.082,3.71862,9.745349
-7000,7500,dat79.dat,2e-09,30000000,2000,1840,/home/rjrj524/Finished/vmec_gc_tracer/revised_251128/nc/wout_pwO_nfp2_A6.nc,0.082,3.71862,9.745349
-7000,8000,dat80.dat,2e-09,30000000,2000,1840,/home/rjrj524/Finished/vmec_gc_tracer/revised_251128/nc/wout_pwO_nfp2_A6.nc,0.082,3.71862,9.745349
-7000,8500,dat81.dat,2e-09,30000000,2000,1840,/home/rjrj524/Finished/vmec_gc_tracer/revised_251128/nc/wout_pwO_nfp2_A6.nc,0.082,3.71862,9.745349
-7000,9000,dat82.dat,2e-09,30000000,2000,1840,/home/rjrj524/Finished/vmec_gc_tracer/revised_251128/nc/wout_pwO_nfp2_A6.nc,0.082,3.71862,9.745349
-7000,9500,dat83.dat,2e-09,30000000,2000,1840,/home/rjrj524/Finished/vmec_gc_tracer/revised_251128/nc/wout_pwO_nfp2_A6.nc,0.082,3.71862,9.745349
-7000,10000,dat84.dat,2e-09,30000000,2000,1840,/home/rjrj524/Finished/vmec_gc_tracer/revised_251128/nc/wout_pwO_nfp2_A6.nc,0.082,3.71862,9.745349
-6000,0,dat85.dat,2e-09,30000000,2000,1840,/home/rjrj524/Finished/vmec_gc_tracer/revised_251128/nc/wout_pwO_nfp2_A6.nc,0.082,3.71862,9.745349
-6000,500,dat86.dat,2e-09,30000000,2000,1840,/home/rjrj524/Finished/vmec_gc_tracer/revised_251128/nc/wout_pwO_nfp2_A6.nc,0.082,3.71862,9.745349
-6000,1000,dat87.dat,2e-09,30000000,2000,1840,/home/rjrj524/Finished/vmec_gc_tracer/revised_251128/nc/wout_pwO_nfp2_A6.nc,0.082,3.71862,9.745349
-6000,1500,dat88.dat,2e-09,30000000,2000,1840,/home/rjrj524/Finished/vmec_gc_tracer/revised_251128/nc/wout_pwO_nfp2_A6.nc,0.082,3.71862,9.745349
-6000,2000,dat89.dat,2e-09,30000000,2000,1840,/home/rjrj524/Finished/vmec_gc_tracer/revised_251128/nc/wout_pwO_nfp2_A6.nc,0.082,3.71862,9.745349
-6000,2500,dat90.dat,2e-09,30000000,2000,1840,/home/rjrj524/Finished/vmec_gc_tracer/revised_251128/nc/wout_pwO_nfp2_A6.nc,0.082,3.71862,9.745349
-6000,3000,dat91.dat,2e-09,30000000,2000,1840,/home/rjrj524/Finished/vmec_gc_tracer/revised_251128/nc/wout_pwO_nfp2_A6.nc,0.082,3.71862,9.745349
-6000,3500,dat92.dat,2e-09,30000000,2000,1840,/home/rjrj524/Finished/vmec_gc_tracer/revised_251128/nc/wout_pwO_nfp2_A6.nc,0.082,3.71862,9.745349
-6000,4000,dat93.dat,2e-09,30000000,2000,1840,/home/rjrj524/Finished/vmec_gc_tracer/revised_251128/nc/wout_pwO_nfp2_A6.nc,0.082,3.71862,9.745349
-6000,4500,dat94.dat,2e-09,30000000,2000,1840,/home/rjrj524/Finished/vmec_gc_tracer/revised_251128/nc/wout_pwO_nfp2_A6.nc,0.082,3.71862,9.745349
-6000,5000,dat95.dat,2e-09,30000000,2000,1840,/home/rjrj524/Finished/vmec_gc_tracer/revised_251128/nc/wout_pwO_nfp2_A6.nc,0.082,3.71862,9.745349
-6000,5500,dat96.dat,2e-09,30000000,2000,1840,/home/rjrj524/Finished/vmec_gc_tracer/revised_251128/nc/wout_pwO_nfp2_A6.nc,0.082,3.71862,9.745349
-6000,6000,dat97.dat,2e-09,30000000,2000,1840,/home/rjrj524/Finished/vmec_gc_tracer/revised_251128/nc/wout_pwO_nfp2_A6.nc,0.082,3.71862,9.745349
-6000,6500,dat98.dat,2e-09,30000000,2000,1840,/home/rjrj524/Finished/vmec_gc_tracer/revised_251128/nc/wout_pwO_nfp2_A6.nc,0.082,3.71862,9.745349
-6000,7000,dat99.dat,2e-09,30000000,2000,1840,/home/rjrj524/Finished/vmec_gc_tracer/revised_251128/nc/wout_pwO_nfp2_A6.nc,0.082,3.71862,9.745349
-6000,7500,dat100.dat,2e-09,30000000,2000,1840,/home/rjrj524/Finished/vmec_gc_tracer/revised_251128/nc/wout_pwO_nfp2_A6.nc,0.082,3.71862,9.745349
-6000,8000,dat101.dat,2e-09,30000000,2000,1840,/home/rjrj524/Finished/vmec_gc_tracer/revised_251128/nc/wout_pwO_nfp2_A6.nc,0.082,3.71862,9.745349
-6000,8500,dat102.dat,2e-09,30000000,2000,1840,/home/rjrj524/Finished/vmec_gc_tracer/revised_251128/nc/wout_pwO_nfp2_A6.nc,0.082,3.71862,9.745349
-6000,9000,dat103.dat,2e-09,30000000,2000,1840,/home/rjrj524/Finished/vmec_gc_tracer/revised_251128/nc/wout_pwO_nfp2_A6.nc,0.082,3.71862,9.745349
-6000,9500,dat104.dat,2e-09,30000000,2000,1840,/home/rjrj524/Finished/vmec_gc_tracer/revised_251128/nc/wout_pwO_nfp2_A6.nc,0.082,3.71862,9.745349
-6000,10000,dat105.dat,2e-09,30000000,2000,1840,/home/rjrj524/Finished/vmec_gc_tracer/revised_251128/nc/wout_pwO_nfp2_A6.nc,0.082,3.71862,9.745349
-5000,0,dat106.dat,2e-09,30000000,2000,1840,/home/rjrj524/Finished/vmec_gc_tracer/revised_251128/nc/wout_pwO_nfp2_A6.nc,0.082,3.71862,9.745349
-5000,500,dat107.dat,2e-09,30000000,2000,1840,/home/rjrj524/Finished/vmec_gc_tracer/revised_251128/nc/wout_pwO_nfp2_A6.nc,0.082,3.71862,9.745349
-5000,1000,dat108.dat,2e-09,30000000,2000,1840,/home/rjrj524/Finished/vmec_gc_tracer/revised_251128/nc/wout_pwO_nfp2_A6.nc,0.082,3.71862,9.745349
-5000,1500,dat109.dat,2e-09,30000000,2000,1840,/home/rjrj524/Finished/vmec_gc_tracer/revised_251128/nc/wout_pwO_nfp2_A6.nc,0.082,3.71862,9.745349
-5000,2000,dat110.dat,2e-09,30000000,2000,1840,/home/rjrj524/Finished/vmec_gc_tracer/revised_251128/nc/wout_pwO_nfp2_A6.nc,0.082,3.71862,9.745349
-5000,2500,dat111.dat,2e-09,30000000,2000,1840,/home/rjrj524/Finished/vmec_gc_tracer/revised_251128/nc/wout_pwO_nfp2_A6.nc,0.082,3.71862,9.745349
-5000,3000,dat112.dat,2e-09,30000000,2000,1840,/home/rjrj524/Finished/vmec_gc_tracer/revised_251128/nc/wout_pwO_nfp2_A6.nc,0.082,3.71862,9.745349
-5000,3500,dat113.dat,2e-09,30000000,2000,1840,/home/rjrj524/Finished/vmec_gc_tracer/revised_251128/nc/wout_pwO_nfp2_A6.nc,0.082,3.71862,9.745349
-5000,4000,dat114.dat,2e-09,30000000,2000,1840,/home/rjrj524/Finished/vmec_gc_tracer/revised_251128/nc/wout_pwO_nfp2_A6.nc,0.082,3.71862,9.745349
-5000,4500,dat115.dat,2e-09,30000000,2000,1840,/home/rjrj524/Finished/vmec_gc_tracer/revised_251128/nc/wout_pwO_nfp2_A6.nc,0.082,3.71862,9.745349
-5000,5000,dat116.dat,2e-09,30000000,2000,1840,/home/rjrj524/Finished/vmec_gc_tracer/revised_251128/nc/wout_pwO_nfp2_A6.nc,0.082,3.71862,9.745349
-5000,5500,dat117.dat,2e-09,30000000,2000,1840,/home/rjrj524/Finished/vmec_gc_tracer/revised_251128/nc/wout_pwO_nfp2_A6.nc,0.082,3.71862,9.745349
-5000,6000,dat118.dat,2e-09,30000000,2000,1840,/home/rjrj524/Finished/vmec_gc_tracer/revised_251128/nc/wout_pwO_nfp2_A6.nc,0.082,3.71862,9.745349
-5000,6500,dat119.dat,2e-09,30000000,2000,1840,/home/rjrj524/Finished/vmec_gc_tracer/revised_251128/nc/wout_pwO_nfp2_A6.nc,0.082,3.71862,9.745349
-5000,7000,dat120.dat,2e-09,30000000,2000,1840,/home/rjrj524/Finished/vmec_gc_tracer/revised_251128/nc/wout_pwO_nfp2_A6.nc,0.082,3.71862,9.745349
-5000,7500,dat121.dat,2e-09,30000000,2000,1840,/home/rjrj524/Finished/vmec_gc_tracer/revised_251128/nc/wout_pwO_nfp2_A6.nc,0.082,3.71862,9.745349
-5000,8000,dat122.dat,2e-09,30000000,2000,1840,/home/rjrj524/Finished/vmec_gc_tracer/revised_251128/nc/wout_pwO_nfp2_A6.nc,0.082,3.71862,9.745349
-5000,8500,dat123.dat,2e-09,30000000,2000,1840,/home/rjrj524/Finished/vmec_gc_tracer/revised_251128/nc/wout_pwO_nfp2_A6.nc,0.082,3.71862,9.745349
-5000,9000,dat124.dat,2e-09,30000000,2000,1840,/home/rjrj524/Finished/vmec_gc_tracer/revised_251128/nc/wout_pwO_nfp2_A6.nc,0.082,3.71862,9.745349
-5000,9500,dat125.dat,2e-09,30000000,2000,1840,/home/rjrj524/Finished/vmec_gc_tracer/revised_251128/nc/wout_pwO_nfp2_A6.nc,0.082,3.71862,9.745349
-5000,10000,dat126.dat,2e-09,30000000,2000,1840,/home/rjrj524/Finished/vmec_gc_tracer/revised_251128/nc/wout_pwO_nfp2_A6.nc,0.082,3.71862,9.745349
-4000,0,dat127.dat,2e-09,30000000,2000,1840,/home/rjrj524/Finished/vmec_gc_tracer/revised_251128/nc/wout_pwO_nfp2_A6.nc,0.082,3.71862,9.745349
-4000,500,dat128.dat,2e-09,30000000,2000,1840,/home/rjrj524/Finished/vmec_gc_tracer/revised_251128/nc/wout_pwO_nfp2_A6.nc,0.082,3.71862,9.745349
-4000,1000,dat129.dat,2e-09,30000000,2000,1840,/home/rjrj524/Finished/vmec_gc_tracer/revised_251128/nc/wout_pwO_nfp2_A6.nc,0.082,3.71862,9.745349
-4000,1500,dat130.dat,2e-09,30000000,2000,1840,/home/rjrj524/Finished/vmec_gc_tracer/revised_251128/nc/wout_pwO_nfp2_A6.nc,0.082,3.71862,9.745349
-4000,2000,dat131.dat,2e-09,30000000,2000,1840,/home/rjrj524/Finished/vmec_gc_tracer/revised_251128/nc/wout_pwO_nfp2_A6.nc,0.082,3.71862,9.745349
-4000,2500,dat132.dat,2e-09,30000000,2000,1840,/home/rjrj524/Finished/vmec_gc_tracer/revised_251128/nc/wout_pwO_nfp2_A6.nc,0.082,3.71862,9.745349
-4000,3000,dat133.dat,2e-09,30000000,2000,1840,/home/rjrj524/Finished/vmec_gc_tracer/revised_251128/nc/wout_pwO_nfp2_A6.nc,0.082,3.71862,9.745349
-4000,3500,dat134.dat,2e-09,30000000,2000,1840,/home/rjrj524/Finished/vmec_gc_tracer/revised_251128/nc/wout_pwO_nfp2_A6.nc,0.082,3.71862,9.745349
-4000,4000,dat135.dat,2e-09,30000000,2000,1840,/home/rjrj524/Finished/vmec_gc_tracer/revised_251128/nc/wout_pwO_nfp2_A6.nc,0.082,3.71862,9.745349
-4000,4500,dat136.dat,2e-09,30000000,2000,1840,/home/rjrj524/Finished/vmec_gc_tracer/revised_251128/nc/wout_pwO_nfp2_A6.nc,0.082,3.71862,9.745349
-4000,5000,dat137.dat,2e-09,30000000,2000,1840,/home/rjrj524/Finished/vmec_gc_tracer/revised_251128/nc/wout_pwO_nfp2_A6.nc,0.082,3.71862,9.745349
-4000,5500,dat138.dat,2e-09,30000000,2000,1840,/home/rjrj524/Finished/vmec_gc_tracer/revised_251128/nc/wout_pwO_nfp2_A6.nc,0.082,3.71862,9.745349
-4000,6000,dat139.dat,2e-09,30000000,2000,1840,/home/rjrj524/Finished/vmec_gc_tracer/revised_251128/nc/wout_pwO_nfp2_A6.nc,0.082,3.71862,9.745349
-4000,6500,dat140.dat,2e-09,30000000,2000,1840,/home/rjrj524/Finished/vmec_gc_tracer/revised_251128/nc/wout_pwO_nfp2_A6.nc,0.082,3.71862,9.745349
-4000,7000,dat141.dat,2e-09,30000000,2000,1840,/home/rjrj524/Finished/vmec_gc_tracer/revised_251128/nc/wout_pwO_nfp2_A6.nc,0.082,3.71862,9.745349
-4000,7500,dat142.dat,2e-09,30000000,2000,1840,/home/rjrj524/Finished/vmec_gc_tracer/revised_251128/nc/wout_pwO_nfp2_A6.nc,0.082,3.71862,9.745349
-4000,8000,dat143.dat,2e-09,30000000,2000,1840,/home/rjrj524/Finished/vmec_gc_tracer/revised_251128/nc/wout_pwO_nfp2_A6.nc,0.082,3.71862,9.745349
-4000,8500,dat144.dat,2e-09,30000000,2000,1840,/home/rjrj524/Finished/vmec_gc_tracer/revised_251128/nc/wout_pwO_nfp2_A6.nc,0.082,3.71862,9.745349
-4000,9000,dat145.dat,2e-09,30000000,2000,1840,/home/rjrj524/Finished/vmec_gc_tracer/revised_251128/nc/wout_pwO_nfp2_A6.nc,0.082,3.71862,9.745349
-4000,9500,dat146.dat,2e-09,30000000,2000,1840,/home/rjrj524/Finished/vmec_gc_tracer/revised_251128/nc/wout_pwO_nfp2_A6.nc,0.082,3.71862,9.745349
-4000,10000,dat147.dat,2e-09,30000000,2000,1840,/home/rjrj524/Finished/vmec_gc_tracer/revised_251128/nc/wout_pwO_nfp2_A6.nc,0.082,3.71862,9.745349
-3000,0,dat148.dat,2e-09,30000000,2000,1840,/home/rjrj524/Finished/vmec_gc_tracer/revised_251128/nc/wout_pwO_nfp2_A6.nc,0.082,3.71862,9.745349
-3000,500,dat149.dat,2e-09,30000000,2000,1840,/home/rjrj524/Finished/vmec_gc_tracer/revised_251128/nc/wout_pwO_nfp2_A6.nc,0.082,3.71862,9.745349
-3000,1000,dat150.dat,2e-09,30000000,2000,1840,/home/rjrj524/Finished/vmec_gc_tracer/revised_251128/nc/wout_pwO_nfp2_A6.nc,0.082,3.71862,9.745349
-3000,1500,dat151.dat,2e-09,30000000,2000,1840,/home/rjrj524/Finished/vmec_gc_tracer/revised_251128/nc/wout_pwO_nfp2_A6.nc,0.082,3.71862,9.745349
-3000,2000,dat152.dat,2e-09,30000000,2000,1840,/home/rjrj524/Finished/vmec_gc_tracer/revised_251128/nc/wout_pwO_nfp2_A6.nc,0.082,3.71862,9.745349
-3000,2500,dat153.dat,2e-09,30000000,2000,1840,/home/rjrj524/Finished/vmec_gc_tracer/revised_251128/nc/wout_pwO_nfp2_A6.nc,0.082,3.71862,9.745349
-3000,3000,dat154.dat,2e-09,30000000,2000,1840,/home/rjrj524/Finished/vmec_gc_tracer/revised_251128/nc/wout_pwO_nfp2_A6.nc,0.082,3.71862,9.745349
-3000,3500,dat155.dat,2e-09,30000000,2000,1840,/home/rjrj524/Finished/vmec_gc_tracer/revised_251128/nc/wout_pwO_nfp2_A6.nc,0.082,3.71862,9.745349
-3000,4000,dat156.dat,2e-09,30000000,2000,1840,/home/rjrj524/Finished/vmec_gc_tracer/revised_251128/nc/wout_pwO_nfp2_A6.nc,0.082,3.71862,9.745349
-3000,4500,dat157.dat,2e-09,30000000,2000,1840,/home/rjrj524/Finished/vmec_gc_tracer/revised_251128/nc/wout_pwO_nfp2_A6.nc,0.082,3.71862,9.745349
-3000,5000,dat158.dat,2e-09,30000000,2000,1840,/home/rjrj524/Finished/vmec_gc_tracer/revised_251128/nc/wout_pwO_nfp2_A6.nc,0.082,3.71862,9.745349
-3000,5500,dat159.dat,2e-09,30000000,2000,1840,/home/rjrj524/Finished/vmec_gc_tracer/revised_251128/nc/wout_pwO_nfp2_A6.nc,0.082,3.71862,9.745349
-3000,6000,dat160.dat,2e-09,30000000,2000,1840,/home/rjrj524/Finished/vmec_gc_tracer/revised_251128/nc/wout_pwO_nfp2_A6.nc,0.082,3.71862,9.745349
-3000,6500,dat161.dat,2e-09,30000000,2000,1840,/home/rjrj524/Finished/vmec_gc_tracer/revised_251128/nc/wout_pwO_nfp2_A6.nc,0.082,3.71862,9.745349
-3000,7000,dat162.dat,2e-09,30000000,2000,1840,/home/rjrj524/Finished/vmec_gc_tracer/revised_251128/nc/wout_pwO_nfp2_A6.nc,0.082,3.71862,9.745349
-3000,7500,dat163.dat,2e-09,30000000,2000,1840,/home/rjrj524/Finished/vmec_gc_tracer/revised_251128/nc/wout_pwO_nfp2_A6.nc,0.082,3.71862,9.745349
-3000,8000,dat164.dat,2e-09,30000000,2000,1840,/home/rjrj524/Finished/vmec_gc_tracer/revised_251128/nc/wout_pwO_nfp2_A6.nc,0.082,3.71862,9.745349
-3000,8500,dat165.dat,2e-09,30000000,2000,1840,/home/rjrj524/Finished/vmec_gc_tracer/revised_251128/nc/wout_pwO_nfp2_A6.nc,0.082,3.71862,9.745349
-3000,9000,dat166.dat,2e-09,30000000,2000,1840,/home/rjrj524/Finished/vmec_gc_tracer/revised_251128/nc/wout_pwO_nfp2_A6.nc,0.082,3.71862,9.745349
-3000,9500,dat167.dat,2e-09,30000000,2000,1840,/home/rjrj524/Finished/vmec_gc_tracer/revised_251128/nc/wout_pwO_nfp2_A6.nc,0.082,3.71862,9.745349
-3000,10000,dat168.dat,2e-09,30000000,2000,1840,/home/rjrj524/Finished/vmec_gc_tracer/revised_251128/nc/wout_pwO_nfp2_A6.nc,0.082,3.71862,9.745349
-2000,0,dat169.dat,2e-09,30000000,2000,1840,/home/rjrj524/Finished/vmec_gc_tracer/revised_251128/nc/wout_pwO_nfp2_A6.nc,0.082,3.71862,9.745349
-2000,500,dat170.dat,2e-09,30000000,2000,1840,/home/rjrj524/Finished/vmec_gc_tracer/revised_251128/nc/wout_pwO_nfp2_A6.nc,0.082,3.71862,9.745349
-2000,1000,dat171.dat,2e-09,30000000,2000,1840,/home/rjrj524/Finished/vmec_gc_tracer/revised_251128/nc/wout_pwO_nfp2_A6.nc,0.082,3.71862,9.745349
-2000,1500,dat172.dat,2e-09,30000000,2000,1840,/home/rjrj524/Finished/vmec_gc_tracer/revised_251128/nc/wout_pwO_nfp2_A6.nc,0.082,3.71862,9.745349
-2000,2000,dat173.dat,2e-09,30000000,2000,1840,/home/rjrj524/Finished/vmec_gc_tracer/revised_251128/nc/wout_pwO_nfp2_A6.nc,0.082,3.71862,9.745349
-2000,2500,dat174.dat,2e-09,30000000,2000,1840,/home/rjrj524/Finished/vmec_gc_tracer/revised_251128/nc/wout_pwO_nfp2_A6.nc,0.082,3.71862,9.745349
-2000,3000,dat175.dat,2e-09,30000000,2000,1840,/home/rjrj524/Finished/vmec_gc_tracer/revised_251128/nc/wout_pwO_nfp2_A6.nc,0.082,3.71862,9.745349
-2000,3500,dat176.dat,2e-09,30000000,2000,1840,/home/rjrj524/Finished/vmec_gc_tracer/revised_251128/nc/wout_pwO_nfp2_A6.nc,0.082,3.71862,9.745349
-2000,4000,dat177.dat,2e-09,30000000,2000,1840,/home/rjrj524/Finished/vmec_gc_tracer/revised_251128/nc/wout_pwO_nfp2_A6.nc,0.082,3.71862,9.745349
-2000,4500,dat178.dat,2e-09,30000000,2000,1840,/home/rjrj524/Finished/vmec_gc_tracer/revised_251128/nc/wout_pwO_nfp2_A6.nc,0.082,3.71862,9.745349
-2000,5000,dat179.dat,2e-09,30000000,2000,1840,/home/rjrj524/Finished/vmec_gc_tracer/revised_251128/nc/wout_pwO_nfp2_A6.nc,0.082,3.71862,9.745349
-2000,5500,dat180.dat,2e-09,30000000,2000,1840,/home/rjrj524/Finished/vmec_gc_tracer/revised_251128/nc/wout_pwO_nfp2_A6.nc,0.082,3.71862,9.745349
-2000,6000,dat181.dat,2e-09,30000000,2000,1840,/home/rjrj524/Finished/vmec_gc_tracer/revised_251128/nc/wout_pwO_nfp2_A6.nc,0.082,3.71862,9.745349
-2000,6500,dat182.dat,2e-09,30000000,2000,1840,/home/rjrj524/Finished/vmec_gc_tracer/revised_251128/nc/wout_pwO_nfp2_A6.nc,0.082,3.71862,9.745349
-2000,7000,dat183.dat,2e-09,30000000,2000,1840,/home/rjrj524/Finished/vmec_gc_tracer/revised_251128/nc/wout_pwO_nfp2_A6.nc,0.082,3.71862,9.745349
-2000,7500,dat184.dat,2e-09,30000000,2000,1840,/home/rjrj524/Finished/vmec_gc_tracer/revised_251128/nc/wout_pwO_nfp2_A6.nc,0.082,3.71862,9.745349
-2000,8000,dat185.dat,2e-09,30000000,2000,1840,/home/rjrj524/Finished/vmec_gc_tracer/revised_251128/nc/wout_pwO_nfp2_A6.nc,0.082,3.71862,9.745349
-2000,8500,dat186.dat,2e-09,30000000,2000,1840,/home/rjrj524/Finished/vmec_gc_tracer/revised_251128/nc/wout_pwO_nfp2_A6.nc,0.082,3.71862,9.745349
-2000,9000,dat187.dat,2e-09,30000000,2000,1840,/home/rjrj524/Finished/vmec_gc_tracer/revised_251128/nc/wout_pwO_nfp2_A6.nc,0.082,3.71862,9.745349
-2000,9500,dat188.dat,2e-09,30000000,2000,1840,/home/rjrj524/Finished/vmec_gc_tracer/revised_251128/nc/wout_pwO_nfp2_A6.nc,0.082,3.71862,9.745349
-2000,10000,dat189.dat,2e-09,30000000,2000,1840,/home/rjrj524/Finished/vmec_gc_tracer/revised_251128/nc/wout_pwO_nfp2_A6.nc,0.082,3.71862,9.745349
-1000,0,dat190.dat,2e-09,30000000,2000,1840,/home/rjrj524/Finished/vmec_gc_tracer/revised_251128/nc/wout_pwO_nfp2_A6.nc,0.082,3.71862,9.745349
-1000,500,dat191.dat,2e-09,30000000,2000,1840,/home/rjrj524/Finished/vmec_gc_tracer/revised_251128/nc/wout_pwO_nfp2_A6.nc,0.082,3.71862,9.745349
-1000,1000,dat192.dat,2e-09,30000000,2000,1840,/home/rjrj524/Finished/vmec_gc_tracer/revised_251128/nc/wout_pwO_nfp2_A6.nc,0.082,3.71862,9.745349
-1000,1500,dat193.dat,2e-09,30000000,2000,1840,/home/rjrj524/Finished/vmec_gc_tracer/revised_251128/nc/wout_pwO_nfp2_A6.nc,0.082,3.71862,9.745349
-1000,2000,dat194.dat,2e-09,30000000,2000,1840,/home/rjrj524/Finished/vmec_gc_tracer/revised_251128/nc/wout_pwO_nfp2_A6.nc,0.082,3.71862,9.745349
-1000,2500,dat195.dat,2e-09,30000000,2000,1840,/home/rjrj524/Finished/vmec_gc_tracer/revised_251128/nc/wout_pwO_nfp2_A6.nc,0.082,3.71862,9.745349
-1000,3000,dat196.dat,2e-09,30000000,2000,1840,/home/rjrj524/Finished/vmec_gc_tracer/revised_251128/nc/wout_pwO_nfp2_A6.nc,0.082,3.71862,9.745349
-1000,3500,dat197.dat,2e-09,30000000,2000,1840,/home/rjrj524/Finished/vmec_gc_tracer/revised_251128/nc/wout_pwO_nfp2_A6.nc,0.082,3.71862,9.745349
-1000,4000,dat198.dat,2e-09,30000000,2000,1840,/home/rjrj524/Finished/vmec_gc_tracer/revised_251128/nc/wout_pwO_nfp2_A6.nc,0.082,3.71862,9.745349
-1000,4500,dat199.dat,2e-09,30000000,2000,1840,/home/rjrj524/Finished/vmec_gc_tracer/revised_251128/nc/wout_pwO_nfp2_A6.nc,0.082,3.71862,9.745349
-1000,5000,dat200.dat,2e-09,30000000,2000,1840,/home/rjrj524/Finished/vmec_gc_tracer/revised_251128/nc/wout_pwO_nfp2_A6.nc,0.082,3.71862,9.745349
-1000,5500,dat201.dat,2e-09,30000000,2000,1840,/home/rjrj524/Finished/vmec_gc_tracer/revised_251128/nc/wout_pwO_nfp2_A6.nc,0.082,3.71862,9.745349
-1000,6000,dat202.dat,2e-09,30000000,2000,1840,/home/rjrj524/Finished/vmec_gc_tracer/revised_251128/nc/wout_pwO_nfp2_A6.nc,0.082,3.71862,9.745349
-1000,6500,dat203.dat,2e-09,30000000,2000,1840,/home/rjrj524/Finished/vmec_gc_tracer/revised_251128/nc/wout_pwO_nfp2_A6.nc,0.082,3.71862,9.745349
-1000,7000,dat204.dat,2e-09,30000000,2000,1840,/home/rjrj524/Finished/vmec_gc_tracer/revised_251128/nc/wout_pwO_nfp2_A6.nc,0.082,3.71862,9.745349
-1000,7500,dat205.dat,2e-09,30000000,2000,1840,/home/rjrj524/Finished/vmec_gc_tracer/revised_251128/nc/wout_pwO_nfp2_A6.nc,0.082,3.71862,9.745349
-1000,8000,dat206.dat,2e-09,30000000,2000,1840,/home/rjrj524/Finished/vmec_gc_tracer/revised_251128/nc/wout_pwO_nfp2_A6.nc,0.082,3.71862,9.745349
-1000,8500,dat207.dat,2e-09,30000000,2000,1840,/home/rjrj524/Finished/vmec_gc_tracer/revised_251128/nc/wout_pwO_nfp2_A6.nc,0.082,3.71862,9.745349
-1000,9000,dat208.dat,2e-09,30000000,2000,1840,/home/rjrj524/Finished/vmec_gc_tracer/revised_251128/nc/wout_pwO_nfp2_A6.nc,0.082,3.71862,9.745349
-1000,9500,dat209.dat,2e-09,30000000,2000,1840,/home/rjrj524/Finished/vmec_gc_tracer/revised_251128/nc/wout_pwO_nfp2_A6.nc,0.082,3.71862,9.745349
-1000,10000,dat210.dat,2e-09,30000000,2000,1840,/home/rjrj524/Finished/vmec_gc_tracer/revised_251128/nc/wout_pwO_nfp2_A6.nc,0.082,3.71862,9.745349
0,0,dat211.dat,2e-09,30000000,2000,1840,/home/rjrj524/Finished/vmec_gc_tracer/revised_251128/nc/wout_pwO_nfp2_A6.nc,0.082,3.71862,9.745349
0,500,dat212.dat,2e-09,30000000,2000,1840,/home/rjrj524/Finished/vmec_gc_tracer/revised_251128/nc/wout_pwO_nfp2_A6.nc,0.082,3.71862,9.745349
0,1000,dat213.dat,2e-09,30000000,2000,1840,/home/rjrj524/Finished/vmec_gc_tracer/revised_251128/nc/wout_pwO_nfp2_A6.nc,0.082,3.71862,9.745349
0,1500,dat214.dat,2e-09,30000000,2000,1840,/home/rjrj524/Finished/vmec_gc_tracer/revised_251128/nc/wout_pwO_nfp2_A6.nc,0.082,3.71862,9.745349
0,2000,dat215.dat,2e-09,30000000,2000,1840,/home/rjrj524/Finished/vmec_gc_tracer/revised_251128/nc/wout_pwO_nfp2_A6.nc,0.082,3.71862,9.745349
0,2500,dat216.dat,2e-09,30000000,2000,1840,/home/rjrj524/Finished/vmec_gc_tracer/revised_251128/nc/wout_pwO_nfp2_A6.nc,0.082,3.71862,9.745349
0,3000,dat217.dat,2e-09,30000000,2000,1840,/home/rjrj524/Finished/vmec_gc_tracer/revised_251128/nc/wout_pwO_nfp2_A6.nc,0.082,3.71862,9.745349
0,3500,dat218.dat,2e-09,30000000,2000,1840,/home/rjrj524/Finished/vmec_gc_tracer/revised_251128/nc/wout_pwO_nfp2_A6.nc,0.082,3.71862,9.745349
0,4000,dat219.dat,2e-09,30000000,2000,1840,/home/rjrj524/Finished/vmec_gc_tracer/revised_251128/nc/wout_pwO_nfp2_A6.nc,0.082,3.71862,9.745349
0,4500,dat220.dat,2e-09,30000000,2000,1840,/home/rjrj524/Finished/vmec_gc_tracer/revised_251128/nc/wout_pwO_nfp2_A6.nc,0.082,3.71862,9.745349
0,5000,dat221.dat,2e-09,30000000,2000,1840,/home/rjrj524/Finished/vmec_gc_tracer/revised_251128/nc/wout_pwO_nfp2_A6.nc,0.082,3.71862,9.745349
0,5500,dat222.dat,2e-09,30000000,2000,1840,/home/rjrj524/Finished/vmec_gc_tracer/revised_251128/nc/wout_pwO_nfp2_A6.nc,0.082,3.71862,9.745349
0,6000,dat223.dat,2e-09,30000000,2000,1840,/home/rjrj524/Finished/vmec_gc_tracer/revised_251128/nc/wout_pwO_nfp2_A6.nc,0.082,3.71862,9.745349
0,6500,dat224.dat,2e-09,30000000,2000,1840,/home/rjrj524/Finished/vmec_gc_tracer/revised_251128/nc/wout_pwO_nfp2_A6.nc,0.082,3.71862,9.745349
0,7000,dat225.dat,2e-09,30000000,2000,1840,/home/rjrj524/Finished/vmec_gc_tracer/revised_251128/nc/wout_pwO_nfp2_A6.nc,0.082,3.71862,9.745349
0,7500,dat226.dat,2e-09,30000000,2000,1840,/home/rjrj524/Finished/vmec_gc_tracer/revised_251128/nc/wout_pwO_nfp2_A6.nc,0.082,3.71862,9.745349
0,8000,dat227.dat,2e-09,30000000,2000,1840,/home/rjrj524/Finished/vmec_gc_tracer/revised_251128/nc/wout_pwO_nfp2_A6.nc,0.082,3.71862,9.745349
0,8500,dat228.dat,2e-09,30000000,2000,1840,/home/rjrj524/Finished/vmec_gc_tracer/revised_251128/nc/wout_pwO_nfp2_A6.nc,0.082,3.71862,9.745349
0,9000,dat229.dat,2e-09,30000000,2000,1840,/home/rjrj524/Finished/vmec_gc_tracer/revised_251128/nc/wout_pwO_nfp2_A6.nc,0.082,3.71862,9.745349
0,9500,dat230.dat,2e-09,30000000,2000,1840,/home/rjrj524/Finished/vmec_gc_tracer/revised_251128/nc/wout_pwO_nfp2_A6.nc,0.082,3.71862,9.745349
0,10000,dat231.dat,2e-09,30000000,2000,1840,/home/rjrj524/Finished/vmec_gc_tracer/revised_251128/nc/wout_pwO_nfp2_A6.nc,0.082,3.71862,9.745349
1000,0,dat232.dat,2e-09,30000000,2000,1840,/home/rjrj524/Finished/vmec_gc_tracer/revised_251128/nc/wout_pwO_nfp2_A6.nc,0.082,3.71862,9.745349
1000,500,dat233.dat,2e-09,30000000,2000,1840,/home/rjrj524/Finished/vmec_gc_tracer/revised_251128/nc/wout_pwO_nfp2_A6.nc,0.082,3.71862,9.745349
1000,1000,dat234.dat,2e-09,30000000,2000,1840,/home/rjrj524/Finished/vmec_gc_tracer/revised_251128/nc/wout_pwO_nfp2_A6.nc,0.082,3.71862,9.745349
1000,1500,dat235.dat,2e-09,30000000,2000,1840,/home/rjrj524/Finished/vmec_gc_tracer/revised_251128/nc/wout_pwO_nfp2_A6.nc,0.082,3.71862,9.745349
1000,2000,dat236.dat,2e-09,30000000,2000,1840,/home/rjrj524/Finished/vmec_gc_tracer/revised_251128/nc/wout_pwO_nfp2_A6.nc,0.082,3.71862,9.745349
1000,2500,dat237.dat,2e-09,30000000,2000,1840,/home/rjrj524/Finished/vmec_gc_tracer/revised_251128/nc/wout_pwO_nfp2_A6.nc,0.082,3.71862,9.745349
1000,3000,dat238.dat,2e-09,30000000,2000,1840,/home/rjrj524/Finished/vmec_gc_tracer/revised_251128/nc/wout_pwO_nfp2_A6.nc,0.082,3.71862,9.745349
1000,3500,dat239.dat,2e-09,30000000,2000,1840,/home/rjrj524/Finished/vmec_gc_tracer/revised_251128/nc/wout_pwO_nfp2_A6.nc,0.082,3.71862,9.745349
1000,4000,dat240.dat,2e-09,30000000,2000,1840,/home/rjrj524/Finished/vmec_gc_tracer/revised_251128/nc/wout_pwO_nfp2_A6.nc,0.082,3.71862,9.745349
1000,4500,dat241.dat,2e-09,30000000,2000,1840,/home/rjrj524/Finished/vmec_gc_tracer/revised_251128/nc/wout_pwO_nfp2_A6.nc,0.082,3.71862,9.745349
1000,5000,dat242.dat,2e-09,30000000,2000,1840,/home/rjrj524/Finished/vmec_gc_tracer/revised_251128/nc/wout_pwO_nfp2_A6.nc,0.082,3.71862,9.745349
1000,5500,dat243.dat,2e-09,30000000,2000,1840,/home/rjrj524/Finished/vmec_gc_tracer/revised_251128/nc/wout_pwO_nfp2_A6.nc,0.082,3.71862,9.745349
1000,6000,dat244.dat,2e-09,30000000,2000,1840,/home/rjrj524/Finished/vmec_gc_tracer/revised_251128/nc/wout_pwO_nfp2_A6.nc,0.082,3.71862,9.745349
1000,6500,dat245.dat,2e-09,30000000,2000,1840,/home/rjrj524/Finished/vmec_gc_tracer/revised_251128/nc/wout_pwO_nfp2_A6.nc,0.082,3.71862,9.745349
1000,7000,dat246.dat,2e-09,30000000,2000,1840,/home/rjrj524/Finished/vmec_gc_tracer/revised_251128/nc/wout_pwO_nfp2_A6.nc,0.082,3.71862,9.745349
1000,7500,dat247.dat,2e-09,30000000,2000,1840,/home/rjrj524/Finished/vmec_gc_tracer/revised_251128/nc/wout_pwO_nfp2_A6.nc,0.082,3.71862,9.745349
1000,8000,dat248.dat,2e-09,30000000,2000,1840,/home/rjrj524/Finished/vmec_gc_tracer/revised_251128/nc/wout_pwO_nfp2_A6.nc,0.082,3.71862,9.745349
1000,8500,dat249.dat,2e-09,30000000,2000,1840,/home/rjrj524/Finished/vmec_gc_tracer/revised_251128/nc/wout_pwO_nfp2_A6.nc,0.082,3.71862,9.745349
1000,9000,dat250.dat,2e-09,30000000,2000,1840,/home/rjrj524/Finished/vmec_gc_tracer/revised_251128/nc/wout_pwO_nfp2_A6.nc,0.082,3.71862,9.745349
1000,9500,dat251.dat,2e-09,30000000,2000,1840,/home/rjrj524/Finished/vmec_gc_tracer/revised_251128/nc/wout_pwO_nfp2_A6.nc,0.082,3.71862,9.745349
1000,10000,dat252.dat,2e-09,30000000,2000,1840,/home/rjrj524/Finished/vmec_gc_tracer/revised_251128/nc/wout_pwO_nfp2_A6.nc,0.082,3.71862,9.745349
2000,0,dat253.dat,2e-09,30000000,2000,1840,/home/rjrj524/Finished/vmec_gc_tracer/revised_251128/nc/wout_pwO_nfp2_A6.nc,0.082,3.71862,9.745349
2000,500,dat254.dat,2e-09,30000000,2000,1840,/home/rjrj524/Finished/vmec_gc_tracer/revised_251128/nc/wout_pwO_nfp2_A6.nc,0.082,3.71862,9.745349
2000,1000,dat255.dat,2e-09,30000000,2000,1840,/home/rjrj524/Finished/vmec_gc_tracer/revised_251128/nc/wout_pwO_nfp2_A6.nc,0.082,3.71862,9.745349
2000,1500,dat256.dat,2e-09,30000000,2000,1840,/home/rjrj524/Finished/vmec_gc_tracer/revised_251128/nc/wout_pwO_nfp2_A6.nc,0.082,3.71862,9.745349
2000,2000,dat257.dat,2e-09,30000000,2000,1840,/home/rjrj524/Finished/vmec_gc_tracer/revised_251128/nc/wout_pwO_nfp2_A6.nc,0.082,3.71862,9.745349
2000,2500,dat258.dat,2e-09,30000000,2000,1840,/home/rjrj524/Finished/vmec_gc_tracer/revised_251128/nc/wout_pwO_nfp2_A6.nc,0.082,3.71862,9.745349
2000,3000,dat259.dat,2e-09,30000000,2000,1840,/home/rjrj524/Finished/vmec_gc_tracer/revised_251128/nc/wout_pwO_nfp2_A6.nc,0.082,3.71862,9.745349
2000,3500,dat260.dat,2e-09,30000000,2000,1840,/home/rjrj524/Finished/vmec_gc_tracer/revised_251128/nc/wout_pwO_nfp2_A6.nc,0.082,3.71862,9.745349
2000,4000,dat261.dat,2e-09,30000000,2000,1840,/home/rjrj524/Finished/vmec_gc_tracer/revised_251128/nc/wout_pwO_nfp2_A6.nc,0.082,3.71862,9.745349
2000,4500,dat262.dat,2e-09,30000000,2000,1840,/home/rjrj524/Finished/vmec_gc_tracer/revised_251128/nc/wout_pwO_nfp2_A6.nc,0.082,3.71862,9.745349
2000,5000,dat263.dat,2e-09,30000000,2000,1840,/home/rjrj524/Finished/vmec_gc_tracer/revised_251128/nc/wout_pwO_nfp2_A6.nc,0.082,3.71862,9.745349
2000,5500,dat264.dat,2e-09,30000000,2000,1840,/home/rjrj524/Finished/vmec_gc_tracer/revised_251128/nc/wout_pwO_nfp2_A6.nc,0.082,3.71862,9.745349
2000,6000,dat265.dat,2e-09,30000000,2000,1840,/home/rjrj524/Finished/vmec_gc_tracer/revised_251128/nc/wout_pwO_nfp2_A6.nc,0.082,3.71862,9.745349
2000,6500,dat266.dat,2e-09,30000000,2000,1840,/home/rjrj524/Finished/vmec_gc_tracer/revised_251128/nc/wout_pwO_nfp2_A6.nc,0.082,3.71862,9.745349
2000,7000,dat267.dat,2e-09,30000000,2000,1840,/home/rjrj524/Finished/vmec_gc_tracer/revised_251128/nc/wout_pwO_nfp2_A6.nc,0.082,3.71862,9.745349
2000,7500,dat268.dat,2e-09,30000000,2000,1840,/home/rjrj524/Finished/vmec_gc_tracer/revised_251128/nc/wout_pwO_nfp2_A6.nc,0.082,3.71862,9.745349
2000,8000,dat269.dat,2e-09,30000000,2000,1840,/home/rjrj524/Finished/vmec_gc_tracer/revised_251128/nc/wout_pwO_nfp2_A6.nc,0.082,3.71862,9.745349
2000,8500,dat270.dat,2e-09,30000000,2000,1840,/home/rjrj524/Finished/vmec_gc_tracer/revised_251128/nc/wout_pwO_nfp2_A6.nc,0.082,3.71862,9.745349
2000,9000,dat271.dat,2e-09,30000000,2000,1840,/home/rjrj524/Finished/vmec_gc_tracer/revised_251128/nc/wout_pwO_nfp2_A6.nc,0.082,3.71862,9.745349
2000,9500,dat272.dat,2e-09,30000000,2000,1840,/home/rjrj524/Finished/vmec_gc_tracer/revised_251128/nc/wout_pwO_nfp2_A6.nc,0.082,3.71862,9.745349
2000,10000,dat273.dat,2e-09,30000000,2000,1840,/home/rjrj524/Finished/vmec_gc_tracer/revised_251128/nc/wout_pwO_nfp2_A6.nc,0.082,3.71862,9.745349
3000,0,dat274.dat,2e-09,30000000,2000,1840,/home/rjrj524/Finished/vmec_gc_tracer/revised_251128/nc/wout_pwO_nfp2_A6.nc,0.082,3.71862,9.745349
3000,500,dat275.dat,2e-09,30000000,2000,1840,/home/rjrj524/Finished/vmec_gc_tracer/revised_251128/nc/wout_pwO_nfp2_A6.nc,0.082,3.71862,9.745349
3000,1000,dat276.dat,2e-09,30000000,2000,1840,/home/rjrj524/Finished/vmec_gc_tracer/revised_251128/nc/wout_pwO_nfp2_A6.nc,0.082,3.71862,9.745349
3000,1500,dat277.dat,2e-09,30000000,2000,1840,/home/rjrj524/Finished/vmec_gc_tracer/revised_251128/nc/wout_pwO_nfp2_A6.nc,0.082,3.71862,9.745349
3000,2000,dat278.dat,2e-09,30000000,2000,1840,/home/rjrj524/Finished/vmec_gc_tracer/revised_251128/nc/wout_pwO_nfp2_A6.nc,0.082,3.71862,9.745349
3000,2500,dat279.dat,2e-09,30000000,2000,1840,/home/rjrj524/Finished/vmec_gc_tracer/revised_251128/nc/wout_pwO_nfp2_A6.nc,0.082,3.71862,9.745349
3000,3000,dat280.dat,2e-09,30000000,2000,1840,/home/rjrj524/Finished/vmec_gc_tracer/revised_251128/nc/wout_pwO_nfp2_A6.nc,0.082,3.71862,9.745349
3000,3500,dat281.dat,2e-09,30000000,2000,1840,/home/rjrj524/Finished/vmec_gc_tracer/revised_251128/nc/wout_pwO_nfp2_A6.nc,0.082,3.71862,9.745349
3000,4000,dat282.dat,2e-09,30000000,2000,1840,/home/rjrj524/Finished/vmec_gc_tracer/revised_251128/nc/wout_pwO_nfp2_A6.nc,0.082,3.71862,9.745349
3000,4500,dat283.dat,2e-09,30000000,2000,1840,/home/rjrj524/Finished/vmec_gc_tracer/revised_251128/nc/wout_pwO_nfp2_A6.nc,0.082,3.71862,9.745349
3000,5000,dat284.dat,2e-09,30000000,2000,1840,/home/rjrj524/Finished/vmec_gc_tracer/revised_251128/nc/wout_pwO_nfp2_A6.nc,0.082,3.71862,9.745349
3000,5500,dat285.dat,2e-09,30000000,2000,1840,/home/rjrj524/Finished/vmec_gc_tracer/revised_251128/nc/wout_pwO_nfp2_A6.nc,0.082,3.71862,9.745349
3000,6000,dat286.dat,2e-09,30000000,2000,1840,/home/rjrj524/Finished/vmec_gc_tracer/revised_251128/nc/wout_pwO_nfp2_A6.nc,0.082,3.71862,9.745349
3000,6500,dat287.dat,2e-09,30000000,2000,1840,/home/rjrj524/Finished/vmec_gc_tracer/revised_251128/nc/wout_pwO_nfp2_A6.nc,0.082,3.71862,9.745349
3000,7000,dat288.dat,2e-09,30000000,2000,1840,/home/rjrj524/Finished/vmec_gc_tracer/revised_251128/nc/wout_pwO_nfp2_A6.nc,0.082,3.71862,9.745349
3000,7500,dat289.dat,2e-09,30000000,2000,1840,/home/rjrj524/Finished/vmec_gc_tracer/revised_251128/nc/wout_pwO_nfp2_A6.nc,0.082,3.71862,9.745349
3000,8000,dat290.dat,2e-09,30000000,2000,1840,/home/rjrj524/Finished/vmec_gc_tracer/revised_251128/nc/wout_pwO_nfp2_A6.nc,0.082,3.71862,9.745349
3000,8500,dat291.dat,2e-09,30000000,2000,1840,/home/rjrj524/Finished/vmec_gc_tracer/revised_251128/nc/wout_pwO_nfp2_A6.nc,0.082,3.71862,9.745349
3000,9000,dat292.dat,2e-09,30000000,2000,1840,/home/rjrj524/Finished/vmec_gc_tracer/revised_251128/nc/wout_pwO_nfp2_A6.nc,0.082,3.71862,9.745349
3000,9500,dat293.dat,2e-09,30000000,2000,1840,/home/rjrj524/Finished/vmec_gc_tracer/revised_251128/nc/wout_pwO_nfp2_A6.nc,0.082,3.71862,9.745349
3000,10000,dat294.dat,2e-09,30000000,2000,1840,/home/rjrj524/Finished/vmec_gc_tracer/revised_251128/nc/wout_pwO_nfp2_A6.nc,0.082,3.71862,9.745349
4000,0,dat295.dat,2e-09,30000000,2000,1840,/home/rjrj524/Finished/vmec_gc_tracer/revised_251128/nc/wout_pwO_nfp2_A6.nc,0.082,3.71862,9.745349
4000,500,dat296.dat,2e-09,30000000,2000,1840,/home/rjrj524/Finished/vmec_gc_tracer/revised_251128/nc/wout_pwO_nfp2_A6.nc,0.082,3.71862,9.745349
4000,1000,dat297.dat,2e-09,30000000,2000,1840,/home/rjrj524/Finished/vmec_gc_tracer/revised_251128/nc/wout_pwO_nfp2_A6.nc,0.082,3.71862,9.745349
4000,1500,dat298.dat,2e-09,30000000,2000,1840,/home/rjrj524/Finished/vmec_gc_tracer/revised_251128/nc/wout_pwO_nfp2_A6.nc,0.082,3.71862,9.745349
4000,2000,dat299.dat,2e-09,30000000,2000,1840,/home/rjrj524/Finished/vmec_gc_tracer/revised_251128/nc/wout_pwO_nfp2_A6.nc,0.082,3.71862,9.745349
4000,2500,dat300.dat,2e-09,30000000,2000,1840,/home/rjrj524/Finished/vmec_gc_tracer/revised_251128/nc/wout_pwO_nfp2_A6.nc,0.082,3.71862,9.745349
4000,3000,dat301.dat,2e-09,30000000,2000,1840,/home/rjrj524/Finished/vmec_gc_tracer/revised_251128/nc/wout_pwO_nfp2_A6.nc,0.082,3.71862,9.745349
4000,3500,dat302.dat,2e-09,30000000,2000,1840,/home/rjrj524/Finished/vmec_gc_tracer/revised_251128/nc/wout_pwO_nfp2_A6.nc,0.082,3.71862,9.745349
4000,4000,dat303.dat,2e-09,30000000,2000,1840,/home/rjrj524/Finished/vmec_gc_tracer/revised_251128/nc/wout_pwO_nfp2_A6.nc,0.082,3.71862,9.745349
4000,4500,dat304.dat,2e-09,30000000,2000,1840,/home/rjrj524/Finished/vmec_gc_tracer/revised_251128/nc/wout_pwO_nfp2_A6.nc,0.082,3.71862,9.745349
4000,5000,dat305.dat,2e-09,30000000,2000,1840,/home/rjrj524/Finished/vmec_gc_tracer/revised_251128/nc/wout_pwO_nfp2_A6.nc,0.082,3.71862,9.745349
4000,5500,dat306.dat,2e-09,30000000,2000,1840,/home/rjrj524/Finished/vmec_gc_tracer/revised_251128/nc/wout_pwO_nfp2_A6.nc,0.082,3.71862,9.745349
4000,6000,dat307.dat,2e-09,30000000,2000,1840,/home/rjrj524/Finished/vmec_gc_tracer/revised_251128/nc/wout_pwO_nfp2_A6.nc,0.082,3.71862,9.745349
4000,6500,dat308.dat,2e-09,30000000,2000,1840,/home/rjrj524/Finished/vmec_gc_tracer/revised_251128/nc/wout_pwO_nfp2_A6.nc,0.082,3.71862,9.745349
4000,7000,dat309.dat,2e-09,30000000,2000,1840,/home/rjrj524/Finished/vmec_gc_tracer/revised_251128/nc/wout_pwO_nfp2_A6.nc,0.082,3.71862,9.745349
4000,7500,dat310.dat,2e-09,30000000,2000,1840,/home/rjrj524/Finished/vmec_gc_tracer/revised_251128/nc/wout_pwO_nfp2_A6.nc,0.082,3.71862,9.745349
4000,8000,dat311.dat,2e-09,30000000,2000,1840,/home/rjrj524/Finished/vmec_gc_tracer/revised_251128/nc/wout_pwO_nfp2_A6.nc,0.082,3.71862,9.745349
4000,8500,dat312.dat,2e-09,30000000,2000,1840,/home/rjrj524/Finished/vmec_gc_tracer/revised_251128/nc/wout_pwO_nfp2_A6.nc,0.082,3.71862,9.745349
4000,9000,dat313.dat,2e-09,30000000,2000,1840,/home/rjrj524/Finished/vmec_gc_tracer/revised_251128/nc/wout_pwO_nfp2_A6.nc,0.082,3.71862,9.745349
4000,9500,dat314.dat,2e-09,30000000,2000,1840,/home/rjrj524/Finished/vmec_gc_tracer/revised_251128/nc/wout_pwO_nfp2_A6.nc,0.082,3.71862,9.745349
4000,10000,dat315.dat,2e-09,30000000,2000,1840,/home/rjrj524/Finished/vmec_gc_tracer/revised_251128/nc/wout_pwO_nfp2_A6.nc,0.082,3.71862,9.745349
5000,0,dat316.dat,2e-09,30000000,2000,1840,/home/rjrj524/Finished/vmec_gc_tracer/revised_251128/nc/wout_pwO_nfp2_A6.nc,0.082,3.71862,9.745349
5000,500,dat317.dat,2e-09,30000000,2000,1840,/home/rjrj524/Finished/vmec_gc_tracer/revised_251128/nc/wout_pwO_nfp2_A6.nc,0.082,3.71862,9.745349
5000,1000,dat318.dat,2e-09,30000000,2000,1840,/home/rjrj524/Finished/vmec_gc_tracer/revised_251128/nc/wout_pwO_nfp2_A6.nc,0.082,3.71862,9.745349
5000,1500,dat319.dat,2e-09,30000000,2000,1840,/home/rjrj524/Finished/vmec_gc_tracer/revised_251128/nc/wout_pwO_nfp2_A6.nc,0.082,3.71862,9.745349
5000,2000,dat320.dat,2e-09,30000000,2000,1840,/home/rjrj524/Finished/vmec_gc_tracer/revised_251128/nc/wout_pwO_nfp2_A6.nc,0.082,3.71862,9.745349
5000,2500,dat321.dat,2e-09,30000000,2000,1840,/home/rjrj524/Finished/vmec_gc_tracer/revised_251128/nc/wout_pwO_nfp2_A6.nc,0.082,3.71862,9.745349
5000,3000,dat322.dat,2e-09,30000000,2000,1840,/home/rjrj524/Finished/vmec_gc_tracer/revised_251128/nc/wout_pwO_nfp2_A6.nc,0.082,3.71862,9.745349
5000,3500,dat323.dat,2e-09,30000000,2000,1840,/home/rjrj524/Finished/vmec_gc_tracer/revised_251128/nc/wout_pwO_nfp2_A6.nc,0.082,3.71862,9.745349
5000,4000,dat324.dat,2e-09,30000000,2000,1840,/home/rjrj524/Finished/vmec_gc_tracer/revised_251128/nc/wout_pwO_nfp2_A6.nc,0.082,3.71862,9.745349
5000,4500,dat325.dat,2e-09,30000000,2000,1840,/home/rjrj524/Finished/vmec_gc_tracer/revised_251128/nc/wout_pwO_nfp2_A6.nc,0.082,3.71862,9.745349
5000,5000,dat326.dat,2e-09,30000000,2000,1840,/home/rjrj524/Finished/vmec_gc_tracer/revised_251128/nc/wout_pwO_nfp2_A6.nc,0.082,3.71862,9.745349
5000,5500,dat327.dat,2e-09,30000000,2000,1840,/home/rjrj524/Finished/vmec_gc_tracer/revised_251128/nc/wout_pwO_nfp2_A6.nc,0.082,3.71862,9.745349
5000,6000,dat328.dat,2e-09,30000000,2000,1840,/home/rjrj524/Finished/vmec_gc_tracer/revised_251128/nc/wout_pwO_nfp2_A6.nc,0.082,3.71862,9.745349
5000,6500,dat329.dat,2e-09,30000000,2000,1840,/home/rjrj524/Finished/vmec_gc_tracer/revised_251128/nc/wout_pwO_nfp2_A6.nc,0.082,3.71862,9.745349
5000,7000,dat330.dat,2e-09,30000000,2000,1840,/home/rjrj524/Finished/vmec_gc_tracer/revised_251128/nc/wout_pwO_nfp2_A6.nc,0.082,3.71862,9.745349
5000,7500,dat331.dat,2e-09,30000000,2000,1840,/home/rjrj524/Finished/vmec_gc_tracer/revised_251128/nc/wout_pwO_nfp2_A6.nc,0.082,3.71862,9.745349
5000,8000,dat332.dat,2e-09,30000000,2000,1840,/home/rjrj524/Finished/vmec_gc_tracer/revised_251128/nc/wout_pwO_nfp2_A6.nc,0.082,3.71862,9.745349
5000,8500,dat333.dat,2e-09,30000000,2000,1840,/home/rjrj524/Finished/vmec_gc_tracer/revised_251128/nc/wout_pwO_nfp2_A6.nc,0.082,3.71862,9.745349
5000,9000,dat334.dat,2e-09,30000000,2000,1840,/home/rjrj524/Finished/vmec_gc_tracer/revised_251128/nc/wout_pwO_nfp2_A6.nc,0.082,3.71862,9.745349
5000,9500,dat335.dat,2e-09,30000000,2000,1840,/home/rjrj524/Finished/vmec_gc_tracer/revised_251128/nc/wout_pwO_nfp2_A6.nc,0.082,3.71862,9.745349
5000,10000,dat336.dat,2e-09,30000000,2000,1840,/home/rjrj524/Finished/vmec_gc_tracer/revised_251128/nc/wout_pwO_nfp2_A6.nc,0.082,3.71862,9.745349
6000,0,dat337.dat,2e-09,30000000,2000,1840,/home/rjrj524/Finished/vmec_gc_tracer/revised_251128/nc/wout_pwO_nfp2_A6.nc,0.082,3.71862,9.745349
6000,500,dat338.dat,2e-09,30000000,2000,1840,/home/rjrj524/Finished/vmec_gc_tracer/revised_251128/nc/wout_pwO_nfp2_A6.nc,0.082,3.71862,9.745349
6000,1000,dat339.dat,2e-09,30000000,2000,1840,/home/rjrj524/Finished/vmec_gc_tracer/revised_251128/nc/wout_pwO_nfp2_A6.nc,0.082,3.71862,9.745349
6000,1500,dat340.dat,2e-09,30000000,2000,1840,/home/rjrj524/Finished/vmec_gc_tracer/revised_251128/nc/wout_pwO_nfp2_A6.nc,0.082,3.71862,9.745349
6000,2000,dat341.dat,2e-09,30000000,2000,1840,/home/rjrj524/Finished/vmec_gc_tracer/revised_251128/nc/wout_pwO_nfp2_A6.nc,0.082,3.71862,9.745349
6000,2500,dat342.dat,2e-09,30000000,2000,1840,/home/rjrj524/Finished/vmec_gc_tracer/revised_251128/nc/wout_pwO_nfp2_A6.nc,0.082,3.71862,9.745349
6000,3000,dat343.dat,2e-09,30000000,2000,1840,/home/rjrj524/Finished/vmec_gc_tracer/revised_251128/nc/wout_pwO_nfp2_A6.nc,0.082,3.71862,9.745349
6000,3500,dat344.dat,2e-09,30000000,2000,1840,/home/rjrj524/Finished/vmec_gc_tracer/revised_251128/nc/wout_pwO_nfp2_A6.nc,0.082,3.71862,9.745349
6000,4000,dat345.dat,2e-09,30000000,2000,1840,/home/rjrj524/Finished/vmec_gc_tracer/revised_251128/nc/wout_pwO_nfp2_A6.nc,0.082,3.71862,9.745349
6000,4500,dat346.dat,2e-09,30000000,2000,1840,/home/rjrj524/Finished/vmec_gc_tracer/revised_251128/nc/wout_pwO_nfp2_A6.nc,0.082,3.71862,9.745349
6000,5000,dat347.dat,2e-09,30000000,2000,1840,/home/rjrj524/Finished/vmec_gc_tracer/revised_251128/nc/wout_pwO_nfp2_A6.nc,0.082,3.71862,9.745349
6000,5500,dat348.dat,2e-09,30000000,2000,1840,/home/rjrj524/Finished/vmec_gc_tracer/revised_251128/nc/wout_pwO_nfp2_A6.nc,0.082,3.71862,9.745349
6000,6000,dat349.dat,2e-09,30000000,2000,1840,/home/rjrj524/Finished/vmec_gc_tracer/revised_251128/nc/wout_pwO_nfp2_A6.nc,0.082,3.71862,9.745349
6000,6500,dat350.dat,2e-09,30000000,2000,1840,/home/rjrj524/Finished/vmec_gc_tracer/revised_251128/nc/wout_pwO_nfp2_A6.nc,0.082,3.71862,9.745349
6000,7000,dat351.dat,2e-09,30000000,2000,1840,/home/rjrj524/Finished/vmec_gc_tracer/revised_251128/nc/wout_pwO_nfp2_A6.nc,0.082,3.71862,9.745349
6000,7500,dat352.dat,2e-09,30000000,2000,1840,/home/rjrj524/Finished/vmec_gc_tracer/revised_251128/nc/wout_pwO_nfp2_A6.nc,0.082,3.71862,9.745349
6000,8000,dat353.dat,2e-09,30000000,2000,1840,/home/rjrj524/Finished/vmec_gc_tracer/revised_251128/nc/wout_pwO_nfp2_A6.nc,0.082,3.71862,9.745349
6000,8500,dat354.dat,2e-09,30000000,2000,1840,/home/rjrj524/Finished/vmec_gc_tracer/revised_251128/nc/wout_pwO_nfp2_A6.nc,0.082,3.71862,9.745349
6000,9000,dat355.dat,2e-09,30000000,2000,1840,/home/rjrj524/Finished/vmec_gc_tracer/revised_251128/nc/wout_pwO_nfp2_A6.nc,0.082,3.71862,9.745349
6000,9500,dat356.dat,2e-09,30000000,2000,1840,/home/rjrj524/Finished/vmec_gc_tracer/revised_251128/nc/wout_pwO_nfp2_A6.nc,0.082,3.71862,9.745349
6000,10000,dat357.dat,2e-09,30000000,2000,1840,/home/rjrj524/Finished/vmec_gc_tracer/revised_251128/nc/wout_pwO_nfp2_A6.nc,0.082,3.71862,9.745349
7000,0,dat358.dat,2e-09,30000000,2000,1840,/home/rjrj524/Finished/vmec_gc_tracer/revised_251128/nc/wout_pwO_nfp2_A6.nc,0.082,3.71862,9.745349
7000,500,dat359.dat,2e-09,30000000,2000,1840,/home/rjrj524/Finished/vmec_gc_tracer/revised_251128/nc/wout_pwO_nfp2_A6.nc,0.082,3.71862,9.745349
7000,1000,dat360.dat,2e-09,30000000,2000,1840,/home/rjrj524/Finished/vmec_gc_tracer/revised_251128/nc/wout_pwO_nfp2_A6.nc,0.082,3.71862,9.745349
7000,1500,dat361.dat,2e-09,30000000,2000,1840,/home/rjrj524/Finished/vmec_gc_tracer/revised_251128/nc/wout_pwO_nfp2_A6.nc,0.082,3.71862,9.745349
7000,2000,dat362.dat,2e-09,30000000,2000,1840,/home/rjrj524/Finished/vmec_gc_tracer/revised_251128/nc/wout_pwO_nfp2_A6.nc,0.082,3.71862,9.745349
7000,2500,dat363.dat,2e-09,30000000,2000,1840,/home/rjrj524/Finished/vmec_gc_tracer/revised_251128/nc/wout_pwO_nfp2_A6.nc,0.082,3.71862,9.745349
7000,3000,dat364.dat,2e-09,30000000,2000,1840,/home/rjrj524/Finished/vmec_gc_tracer/revised_251128/nc/wout_pwO_nfp2_A6.nc,0.082,3.71862,9.745349
7000,3500,dat365.dat,2e-09,30000000,2000,1840,/home/rjrj524/Finished/vmec_gc_tracer/revised_251128/nc/wout_pwO_nfp2_A6.nc,0.082,3.71862,9.745349
7000,4000,dat366.dat,2e-09,30000000,2000,1840,/home/rjrj524/Finished/vmec_gc_tracer/revised_251128/nc/wout_pwO_nfp2_A6.nc,0.082,3.71862,9.745349
7000,4500,dat367.dat,2e-09,30000000,2000,1840,/home/rjrj524/Finished/vmec_gc_tracer/revised_251128/nc/wout_pwO_nfp2_A6.nc,0.082,3.71862,9.745349
7000,5000,dat368.dat,2e-09,30000000,2000,1840,/home/rjrj524/Finished/vmec_gc_tracer/revised_251128/nc/wout_pwO_nfp2_A6.nc,0.082,3.71862,9.745349
7000,5500,dat369.dat,2e-09,30000000,2000,1840,/home/rjrj524/Finished/vmec_gc_tracer/revised_251128/nc/wout_pwO_nfp2_A6.nc,0.082,3.71862,9.745349
7000,6000,dat370.dat,2e-09,30000000,2000,1840,/home/rjrj524/Finished/vmec_gc_tracer/revised_251128/nc/wout_pwO_nfp2_A6.nc,0.082,3.71862,9.745349
7000,6500,dat371.dat,2e-09,30000000,2000,1840,/home/rjrj524/Finished/vmec_gc_tracer/revised_251128/nc/wout_pwO_nfp2_A6.nc,0.082,3.71862,9.745349
7000,7000,dat372.dat,2e-09,30000000,2000,1840,/home/rjrj524/Finished/vmec_gc_tracer/revised_251128/nc/wout_pwO_nfp2_A6.nc,0.082,3.71862,9.745349
7000,7500,dat373.dat,2e-09,30000000,2000,1840,/home/rjrj524/Finished/vmec_gc_tracer/revised_251128/nc/wout_pwO_nfp2_A6.nc,0.082,3.71862,9.745349
7000,8000,dat374.dat,2e-09,30000000,2000,1840,/home/rjrj524/Finished/vmec_gc_tracer/revised_251128/nc/wout_pwO_nfp2_A6.nc,0.082,3.71862,9.745349
7000,8500,dat375.dat,2e-09,30000000,2000,1840,/home/rjrj524/Finished/vmec_gc_tracer/revised_251128/nc/wout_pwO_nfp2_A6.nc,0.082,3.71862,9.745349
7000,9000,dat376.dat,2e-09,30000000,2000,1840,/home/rjrj524/Finished/vmec_gc_tracer/revised_251128/nc/wout_pwO_nfp2_A6.nc,0.082,3.71862,9.745349
7000,9500,dat377.dat,2e-09,30000000,2000,1840,/home/rjrj524/Finished/vmec_gc_tracer/revised_251128/nc/wout_pwO_nfp2_A6.nc,0.082,3.71862,9.745349
7000,10000,dat378.dat,2e-09,30000000,2000,1840,/home/rjrj524/Finished/vmec_gc_tracer/revised_251128/nc/wout_pwO_nfp2_A6.nc,0.082,3.71862,9.745349
8000,0,dat379.dat,2e-09,30000000,2000,1840,/home/rjrj524/Finished/vmec_gc_tracer/revised_251128/nc/wout_pwO_nfp2_A6.nc,0.082,3.71862,9.745349
8000,500,dat380.dat,2e-09,30000000,2000,1840,/home/rjrj524/Finished/vmec_gc_tracer/revised_251128/nc/wout_pwO_nfp2_A6.nc,0.082,3.71862,9.745349
8000,1000,dat381.dat,2e-09,30000000,2000,1840,/home/rjrj524/Finished/vmec_gc_tracer/revised_251128/nc/wout_pwO_nfp2_A6.nc,0.082,3.71862,9.745349
8000,1500,dat382.dat,2e-09,30000000,2000,1840,/home/rjrj524/Finished/vmec_gc_tracer/revised_251128/nc/wout_pwO_nfp2_A6.nc,0.082,3.71862,9.745349
8000,2000,dat383.dat,2e-09,30000000,2000,1840,/home/rjrj524/Finished/vmec_gc_tracer/revised_251128/nc/wout_pwO_nfp2_A6.nc,0.082,3.71862,9.745349
8000,2500,dat384.dat,2e-09,30000000,2000,1840,/home/rjrj524/Finished/vmec_gc_tracer/revised_251128/nc/wout_pwO_nfp2_A6.nc,0.082,3.71862,9.745349
8000,3000,dat385.dat,2e-09,30000000,2000,1840,/home/rjrj524/Finished/vmec_gc_tracer/revised_251128/nc/wout_pwO_nfp2_A6.nc,0.082,3.71862,9.745349
8000,3500,dat386.dat,2e-09,30000000,2000,1840,/home/rjrj524/Finished/vmec_gc_tracer/revised_251128/nc/wout_pwO_nfp2_A6.nc,0.082,3.71862,9.745349
8000,4000,dat387.dat,2e-09,30000000,2000,1840,/home/rjrj524/Finished/vmec_gc_tracer/revised_251128/nc/wout_pwO_nfp2_A6.nc,0.082,3.71862,9.745349
8000,4500,dat388.dat,2e-09,30000000,2000,1840,/home/rjrj524/Finished/vmec_gc_tracer/revised_251128/nc/wout_pwO_nfp2_A6.nc,0.082,3.71862,9.745349
8000,5000,dat389.dat,2e-09,30000000,2000,1840,/home/rjrj524/Finished/vmec_gc_tracer/revised_251128/nc/wout_pwO_nfp2_A6.nc,0.082,3.71862,9.745349
8000,5500,dat390.dat,2e-09,30000000,2000,1840,/home/rjrj524/Finished/vmec_gc_tracer/revised_251128/nc/wout_pwO_nfp2_A6.nc,0.082,3.71862,9.745349
8000,6000,dat391.dat,2e-09,30000000,2000,1840,/home/rjrj524/Finished/vmec_gc_tracer/revised_251128/nc/wout_pwO_nfp2_A6.nc,0.082,3.71862,9.745349
8000,6500,dat392.dat,2e-09,30000000,2000,1840,/home/rjrj524/Finished/vmec_gc_tracer/revised_251128/nc/wout_pwO_nfp2_A6.nc,0.082,3.71862,9.745349
8000,7000,dat393.dat,2e-09,30000000,2000,1840,/home/rjrj524/Finished/vmec_gc_tracer/revised_251128/nc/wout_pwO_nfp2_A6.nc,0.082,3.71862,9.745349
8000,7500,dat394.dat,2e-09,30000000,2000,1840,/home/rjrj524/Finished/vmec_gc_tracer/revised_251128/nc/wout_pwO_nfp2_A6.nc,0.082,3.71862,9.745349
8000,8000,dat395.dat,2e-09,30000000,2000,1840,/home/rjrj524/Finished/vmec_gc_tracer/revised_251128/nc/wout_pwO_nfp2_A6.nc,0.082,3.71862,9.745349
8000,8500,dat396.dat,2e-09,30000000,2000,1840,/home/rjrj524/Finished/vmec_gc_tracer/revised_251128/nc/wout_pwO_nfp2_A6.nc,0.082,3.71862,9.745349
8000,9000,dat397.dat,2e-09,30000000,2000,1840,/home/rjrj524/Finished/vmec_gc_tracer/revised_251128/nc/wout_pwO_nfp2_A6.nc,0.082,3.71862,9.745349
8000,9500,dat398.dat,2e-09,30000000,2000,1840,/home/rjrj524/Finished/vmec_gc_tracer/revised_251128/nc/wout_pwO_nfp2_A6.nc,0.082,3.71862,9.745349
8000,10000,dat399.dat,2e-09,30000000,2000,1840,/home/rjrj524/Finished/vmec_gc_tracer/revised_251128/nc/wout_pwO_nfp2_A6.nc,0.082,3.71862,9.745349
9000,0,dat400.dat,2e-09,30000000,2000,1840,/home/rjrj524/Finished/vmec_gc_tracer/revised_251128/nc/wout_pwO_nfp2_A6.nc,0.082,3.71862,9.745349
9000,500,dat401.dat,2e-09,30000000,2000,1840,/home/rjrj524/Finished/vmec_gc_tracer/revised_251128/nc/wout_pwO_nfp2_A6.nc,0.082,3.71862,9.745349
9000,1000,dat402.dat,2e-09,30000000,2000,1840,/home/rjrj524/Finished/vmec_gc_tracer/revised_251128/nc/wout_pwO_nfp2_A6.nc,0.082,3.71862,9.745349
9000,1500,dat403.dat,2e-09,30000000,2000,1840,/home/rjrj524/Finished/vmec_gc_tracer/revised_251128/nc/wout_pwO_nfp2_A6.nc,0.082,3.71862,9.745349
9000,2000,dat404.dat,2e-09,30000000,2000,1840,/home/rjrj524/Finished/vmec_gc_tracer/revised_251128/nc/wout_pwO_nfp2_A6.nc,0.082,3.71862,9.745349
9000,2500,dat405.dat,2e-09,30000000,2000,1840,/home/rjrj524/Finished/vmec_gc_tracer/revised_251128/nc/wout_pwO_nfp2_A6.nc,0.082,3.71862,9.745349
9000,3000,dat406.dat,2e-09,30000000,2000,1840,/home/rjrj524/Finished/vmec_gc_tracer/revised_251128/nc/wout_pwO_nfp2_A6.nc,0.082,3.71862,9.745349
9000,3500,dat407.dat,2e-09,30000000,2000,1840,/home/rjrj524/Finished/vmec_gc_tracer/revised_251128/nc/wout_pwO_nfp2_A6.nc,0.082,3.71862,9.745349
9000,4000,dat408.dat,2e-09,30000000,2000,1840,/home/rjrj524/Finished/vmec_gc_tracer/revised_251128/nc/wout_pwO_nfp2_A6.nc,0.082,3.71862,9.745349
9000,4500,dat409.dat,2e-09,30000000,2000,1840,/home/rjrj524/Finished/vmec_gc_tracer/revised_251128/nc/wout_pwO_nfp2_A6.nc,0.082,3.71862,9.745349
9000,5000,dat410.dat,2e-09,30000000,2000,1840,/home/rjrj524/Finished/vmec_gc_tracer/revised_251128/nc/wout_pwO_nfp2_A6.nc,0.082,3.71862,9.745349
9000,5500,dat411.dat,2e-09,30000000,2000,1840,/home/rjrj524/Finished/vmec_gc_tracer/revised_251128/nc/wout_pwO_nfp2_A6.nc,0.082,3.71862,9.745349
9000,6000,dat412.dat,2e-09,30000000,2000,1840,/home/rjrj524/Finished/vmec_gc_tracer/revised_251128/nc/wout_pwO_nfp2_A6.nc,0.082,3.71862,9.745349
9000,6500,dat413.dat,2e-09,30000000,2000,1840,/home/rjrj524/Finished/vmec_gc_tracer/revised_251128/nc/wout_pwO_nfp2_A6.nc,0.082,3.71862,9.745349
9000,7000,dat414.dat,2e-09,30000000,2000,1840,/home/rjrj524/Finished/vmec_gc_tracer/revised_251128/nc/wout_pwO_nfp2_A6.nc,0.082,3.71862,9.745349
9000,7500,dat415.dat,2e-09,30000000,2000,1840,/home/rjrj524/Finished/vmec_gc_tracer/revised_251128/nc/wout_pwO_nfp2_A6.nc,0.082,3.71862,9.745349
9000,8000,dat416.dat,2e-09,30000000,2000,1840,/home/rjrj524/Finished/vmec_gc_tracer/revised_251128/nc/wout_pwO_nfp2_A6.nc,0.082,3.71862,9.745349
9000,8500,dat417.dat,2e-09,30000000,2000,1840,/home/rjrj524/Finished/vmec_gc_tracer/revised_251128/nc/wout_pwO_nfp2_A6.nc,0.082,3.71862,9.745349
9000,9000,dat418.dat,2e-09,30000000,2000,1840,/home/rjrj524/Finished/vmec_gc_tracer/revised_251128/nc/wout_pwO_nfp2_A6.nc,0.082,3.71862,9.745349
9000,9500,dat419.dat,2e-09,30000000,2000,1840,/home/rjrj524/Finished/vmec_gc_tracer/revised_251128/nc/wout_pwO_nfp2_A6.nc,0.082,3.71862,9.745349
9000,10000,dat420.dat,2e-09,30000000,2000,1840,/home/rjrj524/Finished/vmec_gc_tracer/revised_251128/nc/wout_pwO_nfp2_A6.nc,0.082,3.71862,9.745349
10000,0,dat421.dat,2e-09,30000000,2000,1840,/home/rjrj524/Finished/vmec_gc_tracer/revised_251128/nc/wout_pwO_nfp2_A6.nc,0.082,3.71862,9.745349
10000,500,dat422.dat,2e-09,30000000,2000,1840,/home/rjrj524/Finished/vmec_gc_tracer/revised_251128/nc/wout_pwO_nfp2_A6.nc,0.082,3.71862,9.745349
10000,1000,dat423.dat,2e-09,30000000,2000,1840,/home/rjrj524/Finished/vmec_gc_tracer/revised_251128/nc/wout_pwO_nfp2_A6.nc,0.082,3.71862,9.745349
10000,1500,dat424.dat,2e-09,30000000,2000,1840,/home/rjrj524/Finished/vmec_gc_tracer/revised_251128/nc/wout_pwO_nfp2_A6.nc,0.082,3.71862,9.745349
10000,2000,dat425.dat,2e-09,30000000,2000,1840,/home/rjrj524/Finished/vmec_gc_tracer/revised_251128/nc/wout_pwO_nfp2_A6.nc,0.082,3.71862,9.745349
10000,2500,dat426.dat,2e-09,30000000,2000,1840,/home/rjrj524/Finished/vmec_gc_tracer/revised_251128/nc/wout_pwO_nfp2_A6.nc,0.082,3.71862,9.745349
10000,3000,dat427.dat,2e-09,30000000,2000,1840,/home/rjrj524/Finished/vmec_gc_tracer/revised_251128/nc/wout_pwO_nfp2_A6.nc,0.082,3.71862,9.745349
10000,3500,dat428.dat,2e-09,30000000,2000,1840,/home/rjrj524/Finished/vmec_gc_tracer/revised_251128/nc/wout_pwO_nfp2_A6.nc,0.082,3.71862,9.745349
10000,4000,dat429.dat,2e-09,30000000,2000,1840,/home/rjrj524/Finished/vmec_gc_tracer/revised_251128/nc/wout_pwO_nfp2_A6.nc,0.082,3.71862,9.745349
10000,4500,dat430.dat,2e-09,30000000,2000,1840,/home/rjrj524/Finished/vmec_gc_tracer/revised_251128/nc/wout_pwO_nfp2_A6.nc,0.082,3.71862,9.745349
10000,5000,dat431.dat,2e-09,30000000,2000,1840,/home/rjrj524/Finished/vmec_gc_tracer/revised_251128/nc/wout_pwO_nfp2_A6.nc,0.082,3.71862,9.745349
10000,5500,dat432.dat,2e-09,30000000,2000,1840,/home/rjrj524/Finished/vmec_gc_tracer/revised_251128/nc/wout_pwO_nfp2_A6.nc,0.082,3.71862,9.745349
10000,6000,dat433.dat,2e-09,30000000,2000,1840,/home/rjrj524/Finished/vmec_gc_tracer/revised_251128/nc/wout_pwO_nfp2_A6.nc,0.082,3.71862,9.745349
10000,6500,dat434.dat,2e-09,30000000,2000,1840,/home/rjrj524/Finished/vmec_gc_tracer/revised_251128/nc/wout_pwO_nfp2_A6.nc,0.082,3.71862,9.745349
10000,7000,dat435.dat,2e-09,30000000,2000,1840,/home/rjrj524/Finished/vmec_gc_tracer/revised_251128/nc/wout_pwO_nfp2_A6.nc,0.082,3.71862,9.745349
10000,7500,dat436.dat,2e-09,30000000,2000,1840,/home/rjrj524/Finished/vmec_gc_tracer/revised_251128/nc/wout_pwO_nfp2_A6.nc,0.082,3.71862,9.745349
10000,8000,dat437.dat,2e-09,30000000,2000,1840,/home/rjrj524/Finished/vmec_gc_tracer/revised_251128/nc/wout_pwO_nfp2_A6.nc,0.082,3.71862,9.745349
10000,8500,dat438.dat,2e-09,30000000,2000,1840,/home/rjrj524/Finished/vmec_gc_tracer/revised_251128/nc/wout_pwO_nfp2_A6.nc,0.082,3.71862,9.745349
10000,9000,dat439.dat,2e-09,30000000,2000,1840,/home/rjrj524/Finished/vmec_gc_tracer/revised_251128/nc/wout_pwO_nfp2_A6.nc,0.082,3.71862,9.745349
10000,9500,dat440.dat,2e-09,30000000,2000,1840,/home/rjrj524/Finished/vmec_gc_tracer/revised_251128/nc/wout_pwO_nfp2_A6.nc,0.082,3.71862,9.745349
10000,10000,dat441.dat,2e-09,30000000,2000,1840,/home/rjrj524/Finished/vmec_gc_tracer/revised_251128/nc/wout_pwO_nfp2_A6.nc,0.082,3.71862,9.745349
